<?xml version="1.0" encoding="UTF-8"?>
<CustomField xmlns="http://soap.sforce.com/2006/04/metadata">
    <fullName>Resource__c</fullName>
    <externalId>false</externalId>
    <label>Resource</label>
    <referenceTo>Resource__c</referenceTo>
    <relationshipLabel>Allocations</relationshipLabel>
    <relationshipName>Allocations</relationshipName>
    <relationshipOrder>1</relationshipOrder>
    <reparentableMasterDetail>false</reparentableMasterDetail>
    <trackTrending>false</trackTrending>
    <type>MasterDetail</type>
    <writeRequiresMasterRead>false</writeRequiresMasterRead>
</CustomField>
