<?xml version="1.0" encoding="UTF-8"?>
<CustomField xmlns="http://soap.sforce.com/2006/04/metadata">
    <fullName>Status__c</fullName>
    <externalId>false</externalId>
    <label>Status</label>
    <required>true</required>
    <trackTrending>false</trackTrending>
    <type>Picklist</type>
    <valueSet>
        <restricted>true</restricted>
        <valueSetDefinition>
            <sorted>false</sorted>
            <value>
                <fullName>Active</fullName>
                <default>true</default>
                <label>Active</label>
            </value>
            <value>
                <fullName>Hold</fullName>
                <default>false</default>
                <label>Hold</label>
            </value>
            <value>
                <fullName>Unavailable</fullName>
                <default>false</default>
                <label>Unavailable</label>
            </value>
        </valueSetDefinition>
    </valueSet>
</CustomField>
